{"cameraMode":{"drawMode":0,"name":"Shaded","section":"Shading Mode"},"sceneLighting":false,"audioPlay":false,"sceneViewState":{"showFog":true,"showMaterialUpdate":false,"showSkybox":false,"showFlares":true,"showImageEffects":true,"showParticleSystems":true},"in2DMode":false,"pivot":{"x":0.09745755791664124,"y":2.215081214904785,"z":4.153896331787109},"rotation":{"x":-0.16336776316165925,"y":-0.15556244552135468,"z":0.9738753437995911,"w":-0.026097260415554048},"size":1.4124305248260499,"orthographic":true}