{"cameraMode":{"drawMode":0,"name":"Shaded","section":"Shading Mode"},"sceneLighting":false,"audioPlay":false,"sceneViewState":{"showFog":true,"showMaterialUpdate":false,"showSkybox":false,"showFlares":true,"showImageEffects":true,"showParticleSystems":true},"in2DMode":false,"pivot":{"x":0.9476085901260376,"y":0.1366143822669983,"z":-0.6267346739768982},"rotation":{"x":0.05042136088013649,"y":0.14716792106628419,"z":-0.0075121293775737289,"w":0.9877971410751343},"size":0.7178131341934204,"orthographic":true}