{"cameraMode":{"drawMode":0,"name":"Shaded","section":"Shading Mode"},"sceneLighting":false,"audioPlay":false,"sceneViewState":{"showFog":true,"showMaterialUpdate":false,"showSkybox":false,"showFlares":true,"showImageEffects":true,"showParticleSystems":true},"in2DMode":false,"pivot":{"x":35.00870895385742,"y":0.5265436172485352,"z":-0.1538190394639969},"rotation":{"x":-0.04198432341217995,"y":0.012580708600580693,"z":-0.0005288079846650362,"w":-0.9990389943122864},"size":0.4155871272087097,"orthographic":true}